Artikel-Nr.,  Artikelbezeichnung,EAN-Code,Preis Netto €,UVP (inkl. MwSt)  € ,Bestell Menge
,Lippen,,,,
,,,,,
,,,,,
101-01,Intensive Lippenpflege + Volumen,4019954101011,7.16,14.40,
,,,,,
,,,,,
,,,,,
,,,,,
102-01,Lippenstift Pure Mat Nr. 01,4019954102018,6.10,12.20,
,,,,,
,,,,,
102-04-T,Lippenstift Pure Mat Tester Nr. 04,4019954900058,2.60,,
,,,,,
,,,,,
102-08,Lippenstift Pure Mat Nr. 08,4019954102087,6.10,12.20,
,,,,,
,,,,,
102-08-T,Lippenstift Pure Mat Tester Nr. 08,4019954900096,2.60,,
,,,,,
,,,,,
102-11,Lippenstift Pure Mat Nr. 11,4019954102117,6.10,12.20,
,,,,,
,,,,,
102-11-T,Lippenstift Pure Mat Tester Nr. 11,4019954900119,2.60,,
,,,,,
,,,,,
102-13-T,Lippenstift Pure Mat Tester Nr. 13,4019954900133,2.60,,
,,,,,
,,,,,
,,,,,
,,,,,
103-02,Lippenstift Electric Nr. 02,4019954103022,7.05,14.10,
,,,,,
,,,,,
103-03,Lippenstift Electric Nr. 03,4019954103039,7.05,14.10,
,,,,,
,,,,,
103-03-T,Lippenstift Electric Tester Nr. 03,4019954900164,3.06,,
,,,,,
,,,,,
103-04,Lippenstift Electric Nr. 04,4019954103046,7.05,14.10,
,,,,,
,,,,,
103-04-T,Lippenstift Electric Tester Nr. 04,4019954900171,3.06,,
,,,,,
,,,,,
103-05-T,Lippenstift Electric Tester Nr. 05,4019954900188,3.06,,
,,,,,
,,,,,
103-07,Lippenstift Electric Nr. 07,4019954103077,7.05,14.10,
,,,,,
,,,,,
103-07-T,Lippenstift Electric Tester Nr. 07,4019954900201,3.06,,
,,,,,
,,,,,
103-08,Lippenstift Electric Nr. 08,4019954103084,7.05,14.10,
,,,,,
,,,,,
103-09-T,Lippenstift Electric Tester Nr. 09,4019954900225,3.06,,
,,,,,
,,,,,
103-10-T,Lippenstift Electric Tester Nr. 10,4019954900232,3.06,,
,,,,,
,,,,,
103-12,Lippenstift Electric Nr. 12,4019954103121,7.05,14.10,
,,,,,
,,,,,
103-12-T,Lippenstift Electric Tester Nr. 12,4019954909716,3.06,,
,,,,,
,,,,,
103-17,Lippenstift Electric Nr. 17,4019954103176,7.05,14.10,
,,,,,
,,,,,
103-17-T,Lippenstift Electric Tester Nr. 17,4019954900249,3.06,,
,,,,,
,,,,,
103-18,Lippenstift Electric Nr. 18,4019954103183,7.05,14.10,
,,,,,
,,,,,
,,,,,
,,,,,
104-01,Lippenstift Perfect Mat Nr. 01,4019954104012,7.00,14.00,
,,,,,
,,,,,
104-01-T,Lippenstift Perfect Mat Tester Nr.01,4019954910071,3.05,,
,,,,,
,,,,,
104-02,Lippenstift Perfect Mat Nr. 02,4019954104029,7.00,14.00,
,,,,,
,,,,,
104-02-T,Lippenstift Perfect Mat Tester Nr.02,4019954910156,3.05,,
,,,,,
,,,,,
104-03,Lippenstift Perfect Mat Nr. 03,4019954104036,7.00,14.00,
,,,,,
,,,,,
104-03-T,Lippenstift Perfect Mat Tester Nr.03,4019954910163,3.05,,
,,,,,
,,,,,
104-04,Lippenstift Perfect Mat Nr. 04,4019954104043,7.00,14.00,
,,,,,
,,,,,
104-04-T,Lippenstift Perfect Mat Tester Nr.04,4019954910170,3.05,,
,,,,,
,Lippen,,,,
,,,,,
104-05,Lippenstift Perfect Mat Nr. 05,4019954104050,7.00,14.00,
,,,,,
,,,,,
104-05-T,Lippenstift Perfect Mat Tester Nr.05,4019954910187,3.05,,
,,,,,
,,,,,
104-06,Lippenstift Perfect Mat Nr. 06,4019954104067,7.00,14.00,
,,,,,
,,,,,
104-06-T,Lippenstift Perfect Mat Tester Nr.06,4019954910194,3.05,,
,,,,,
,,,,,
104-07,Lippenstift Perfect Mat Nr. 07,4019954104074,7.00,14.00,
,,,,,
,,,,,
104-07-T,Lippenstift Perfect Mat Tester Nr.07,4019954910262,3.05,,
,,,,,
,,,,,
,,,,,
,,,,,
106-01,Lippenstift Lip Couture Nr. 01,4019954106016,9.45,18.90,
,,,,,
,,,,,
106-01-T,Lippenstift Lip Couture Tester Nr. 01,4019954900263,3.29,,
,,,,,
,,,,,
106-02,Lippenstift Lip Couture Nr. 02,4019954106023,9.45,18.90,
,,,,,
,,,,,
106-02-T,Lippenstift Lip Couture Tester Nr. 02,4019954900270,3.29,,
,,,,,
,,,,,
106-04,Lippenstift Lip Couture Nr. 04,4019954106047,9.45,18.90,
,,,,,
,,,,,
106-04-T,Lippenstift Lip Couture Tester Nr. 04,4019954900294,3.29,,
,,,,,
,,,,,
106-05,Lippenstift Lip Couture Nr. 05,4019954106054,9.45,18.90,
,,,,,
,,,,,
106-05-T,Lippenstift Lip Couture Tester Nr. 05,4019954900300,3.29,,
,,,,,
,,,,,
106-06,Lippenstift Lip Couture Nr. 06,4019954106061,9.45,18.90,
,,,,,
,,,,,
106-06-T,Lippenstift Lip Couture Tester Nr. 06,4019954900317,3.29,,
,,,,,
,,,,,
106-07,Lippenstift Lip Couture Nr. 07,4019954106078,9.45,18.90,
,,,,,
,,,,,
106-07-T,Lippenstift Lip Couture Tester Nr. 07,4019954900324,3.29,,
,,,,,
,,,,,
106-09,Lippenstift Lip Couture Nr. 09,4019954106092,9.45,18.90,
,,,,,
,,,,,
106-09-T,Lippenstift Lip Couture Tester Nr. 09,4019954900348,3.29,,
,,,,,
,,,,,
106-10,Lippenstift Lip Couture Nr. 10,4019954106108,9.45,18.90,
,,,,,
,,,,,
106-10-T,Lippenstift Lip Couture Tester Nr. 10,4019954900355,3.29,,
,,,,,
,,,,,
106-11,Lippenstift Lip Couture Nr. 11,4019954106115,9.45,18.90,
,,,,,
,,,,,
106-11-T,Lippenstift Lip Couture Tester Nr. 11,4019954900362,3.29,,
,,,,,
,,,,,
106-12,Lippenstift Lip Couture Nr. 12,4019954106122,9.45,18.90,
,,,,,
,,,,,
106-12-T,Lippenstift Lip Couture Tester Nr. 12,4019954900379,3.29,,
,,,,,
,,,,,
106-13,Lippenstift Lip Couture Nr. 13,4019954106139,9.45,18.90,
,,,,,
,,,,,
106-13-T,Lippenstift Lip Couture Tester Nr. 13,4019954908702,3.29,,
,,,,,
,,,,,
106-14,Lippenstift Lip Couture Nr. 14,4019954106146,9.45,18.90,
,,,,,
,,,,,
106-14-T,Lippenstift Lip Couture Tester Nr. 14,4019954908719,3.29,,
,,,,,
,,,,,
106-15,Lippenstift Lip Couture Nr. 15,4019954106153,9.45,18.90,
,,,,,
,,,,,
106-15-T,Lippenstift Lip Couture Tester Nr. 15,4019954908726,3.29,,
,,,,,
,,,,,
106-16,Lippenstift Lip Couture Nr. 16,4019954106160,9.45,18.90,
,,,,,
,,,,,
106-17,Lippenstift Lip Couture Nr. 17,4019954106177,9.45,18.90,
,,,,,
,,,,,
106-18,Lippenstift Lip Couture Nr. 18,4019954106184,9.45,18.90,
,,,,,
,Lippen,,,,
,,,,,
106-18-T,Lippenstift Lip Couture Tester Nr. 18,4019954910200,3.29,,
,,,,,
,,,,,
106-19,Lippenstift Lip Couture Nr. 19,4019954106191,9.45,18.90,
,,,,,
,,,,,
106-19-T,Lippenstift Lip Couture Tester Nr. 19,4019954910217,3.29,,
,,,,,
,,,,,
106-20,Lippenstift Lip Couture Nr. 20,4019954106207,9.45,18.90,
,,,,,
,,,,,
106-20-T,Lippenstift Lip Couture Tester Nr. 20,4019954910224,3.29,,
,,,,,
,,,,,
106-21,Lippenstift Lip Couture Nr. 21,4019954106214,9.45,18.90,
,,,,,
,,,,,
106-21-T,Lippenstift Lip Couture Tester Nr. 21,4019954910231,3.29,,
,,,,,
,,,,,
106-22,Lippenstift Lip Couture Nr. 22,4019954106221,9.45,18.90,
,,,,,
,,,,,
106-22-T,Lippenstift Lip Couture Tester Nr. 22,4019954910248,3.29,,
,,,,,
,,,,,
106-23,Lippenstift Lip Couture Nr. 23,4019954106238,9.45,18.90,
,,,,,
,,,,,
106-23-T,Lippenstift Lip Couture Tester Nr. 23,4019954910255,3.29,,
,,,,,
,,,,,
,,,,,
,,,,,
107-01,Lippenstift Color Passion Nr. 01,4019954107013,5.09,10.20,
,,,,,
,,,,,
107-01-T,Lippenstift Color Passion Tester  Nr. 01,4019954900386,3.18,,
,,,,,
,,,,,
107-02,Lippenstift Color Passion Nr. 02,4019954107020,5.09,10.20,
,,,,,
,,,,,
107-02-T,Lippenstift Color Passion Tester  Nr. 02,4019954900393,3.18,,
,,,,,
,,,,,
107-03,Lippenstift Color Passion Nr. 03,4019954107037,5.09,10.20,
,,,,,
,,,,,
107-03-T,Lippenstift Color Passion Tester  Nr. 03,4019954900409,3.18,,
,,,,,
,,,,,
107-06,Lippenstift Color Passion Nr. 06,4019954107068,5.09,10.20,
,,,,,
,,,,,
107-07,Lippenstift Color Passion Nr. 07,4019954107075,5.09,10.20,
,,,,,
,,,,,
107-07-T,Lippenstift Color Passion Tester  Nr. 07,4019954900447,3.18,,
,,,,,
,,,,,
107-08,Lippenstift Color Passion Nr. 08,4019954107082,5.09,10.20,
,,,,,
,,,,,
107-08-T,Lippenstift Color Passion Tester  Nr. 08,4019954900454,3.18,,
,,,,,
,,,,,
107-09,Lippenstift Color Passion Nr. 09,4019954107099,5.09,10.20,
,,,,,
,,,,,
107-09-T,Lippenstift Color Passion Tester  Nr. 09,4019954900461,3.18,,
,,,,,
,,,,,
107-10,Lippenstift Color Passion Nr. 10,4019954107105,5.09,10.20,
,,,,,
,,,,,
107-10-T,Lippenstift Color Passion Tester  Nr. 10,4019954900478,3.18,,
,,,,,
,,,,,
107-12,Lippenstift Color Passion Nr. 12,4019954107129,5.09,10.20,
,,,,,
,,,,,
107-12-T,Lippenstift Color Passion Tester  Nr. 12,4019954900492,3.18,,
,,,,,
,,,,,
107-13,Lippenstift Color Passion Nr. 13,4019954107136,5.09,10.20,
,,,,,
,,,,,
107-13-T,Lippenstift Color Passion Tester  Nr. 13,4019954910569,3.18,,
,,,,,
,,,,,
,,,,,
,,,,,
108-02,Lip Twist Pen Nr. 02,4019954108027,7.67,15.30,
,,,,,
,,,,,
108-02-T,Lip Twist Pen Tester Nr. 02,4019954900515,6.18,,
,,,,,
,,,,,
108-03,Lip Twist Pen Nr. 03,4019954108034,7.67,15.30,
,,,,,
,,,,,
108-03-T,Lip Twist Pen Tester Nr. 03,4019954900522,6.18,,
,,,,,
,Lippen,,,,
,,,,,
108-04,Lip Twist Pen Nr. 04,4019954108041,7.67,15.30,
,,,,,
,,,,,
108-04-T,Lip Twist Pen Tester Nr. 04,4019954900539,6.18,,
,,,,,
,,,,,
108-05,Lip Twist Pen Nr. 05,4019954108058,7.67,15.30,
,,,,,
,,,,,
108-05-T,Lip Twist Pen Tester Nr. 05,4019954900546,6.18,,
,,,,,
,,,,,
108-06,Lip Twist Pen Nr. 06,4019954108065,7.67,15.30,
,,,,,
,,,,,
108-06-T,Lip Twist Pen Tester Nr. 06,4019954900553,6.18,,
,,,,,
,,,,,
108-07,Lip Twist Pen Nr. 07,4019954108072,7.67,15.30,
,,,,,
,,,,,
108-07-T,Lip Twist Pen Tester Nr. 07,4019954900560,6.18,,
,,,,,
,,,,,
108-08,Lip Twist Pen Nr. 08,4019954108089,7.67,15.30,
,,,,,
,,,,,
108-08-T,Lip Twist Pen Tester Nr. 08,4019954900577,6.18,,
,,,,,
,,,,,
108-09,Lip Twist Pen Nr. 09,4019954108096,7.67,15.30,
,,,,,
,,,,,
108-09-T,Lip Twist Pen Tester Nr. 09,4019954900584,6.18,,
,,,,,
,,,,,
108-11,Lip Twist Pen Nr. 11,4019954108119,7.67,15.30,
,,,,,
,,,,,
108-11-T,Lip Twist Pen Tester Nr. 11,4019954900607,6.18,,
,,,,,
,,,,,
,,,,,
,,,,,
117-01,Lip Finish Nr. 01,4019954117012,8.80,17.60,
,,,,,
,,,,,
117-01-T,Lip Finish Tester Nr. 01,4019954900782,5.85,,
,,,,,
,,,,,
117-02,Lip Finish Nr. 02,4019954117029,8.80,17.60,
,,,,,
,,,,,
117-02-T,Lip Finish Tester Nr. 02,4019954900799,5.85,,
,,,,,
,,,,,
117-03,Lip Finish Nr. 03,4019954117036,8.80,17.60,
,,,,,
,,,,,
117-03-T,Lip Finish Tester Nr. 03,4019954900805,5.85,,
,,,,,
,,,,,
117-05,Lip Finish Nr. 05,4019954117050,8.80,17.60,
,,,,,
,,,,,
117-05-T,Lip Finish Tester Nr. 05,4019954900812,5.85,,
,,,,,
,,,,,
117-06,Lip Finish Nr. 06,4019954117067,8.80,17.60,
,,,,,
,,,,,
117-06-T,Lip Finish Tester Nr. 06,4019954900829,5.85,,
,,,,,
,,,,,
117-07,Lip Finish Nr. 07,4019954117074,8.80,17.60,
,,,,,
,,,,,
117-07-T,Lip Finish Tester Nr. 07,4019954900836,5.85,,
,,,,,
,,,,,
117-08,Lip Finish Nr. 08,4019954117081,8.80,17.60,
,,,,,
,,,,,
117-08-T,Lip Finish Tester Nr. 08,4019954900843,5.85,,
,,,,,
,,,,,
117-09,Lip Finish Nr. 09,4019954117098,8.80,17.60,
,,,,,
,,,,,
117-09-T,Lip Finish Tester Nr. 09,4019954900850,5.85,,
,,,,,
,,,,,
117-10,Lip Finish Nr. 10,4019954117104,8.80,17.60,
,,,,,
,,,,,
117-10-T,Lip Finish Tester Nr. 10,4019954900867,5.85,,
,,,,,
,,,,,
117-11,Lip Finish Nr. 11,4019954117111,8.80,17.60,
,,,,,
,,,,,
117-11-T,Lip Finish Tester Nr. 11,4019954900874,5.85,,
,,,,,
,,,,,
117-13,Lip Finish Nr. 13,4019954117135,8.80,17.60,
,,,,,
,Lippen,,,,
,,,,,
117-13-T,Lip Finish Tester Nr. 13,4019954900881,5.85,,
,,,,,
,,,,,
117-14,Lip Finish Nr. 14,4019954117142,8.80,17.60,
,,,,,
,,,,,
117-14-T,Lip Finish Tester Nr. 14,4019954909297,5.85,,
,,,,,
,,,,,
117-15,Lip Finish Nr. 15,4019954117159,8.80,17.60,
,,,,,
,,,,,
117-15-T,Lip Finish Tester Nr. 15,4019954909303,5.85,,
,,,,,
,,,,,
117-16,Lip Finish Nr. 16,4019954117166,8.80,17.60,
,,,,,
,,,,,
117-16-T,Lip Finish Tester Nr. 16,4019954909310,5.85,,
,,,,,
,,,,,
117-17,Lip Finish Nr. 17,4019954117173,8.80,17.60,
,,,,,
,,,,,
117-17-T,Lip Finish Tester Nr. 17,4019954909327,5.85,,
,,,,,
,,,,,
117-18,Lip Finish Nr. 18,4019954117180,8.80,17.60,
,,,,,
,,,,,
117-18-T,Lip Finish Tester Nr. 18,4019954909334,5.85,,
,,,,,
,,,,,
117-19,Lip Finish Nr. 19,4019954117197,8.80,17.60,
,,,,,
,,,,,
117-19-T,Lip Finish Tester Nr. 19,4019954909341,5.85,,
,,,,,
,,,,,
,,,,,
,,,,,
122-21,Color Elixier Gloss Nr. 21,4019954122214,7.67,15.40,
,,,,,
,,,,,
122-21-T,Color Elixier Gloss Tester Nr. 21,4019954907958,5.15,,
,,,,,
,,,,,
122-22,Color Elixier Gloss Nr. 22,4019954122221,7.67,15.40,
,,,,,
,,,,,
122-22-T,Color Elixier Gloss Tester Nr. 22,4019954907965,5.15,,
,,,,,
,,,,,
122-23,Color Elixier Gloss Nr. 23,4019954122238,7.67,15.40,
,,,,,
,,,,,
122-23-T,Color Elixier Gloss Tester Nr. 23,4019954907972,5.15,,
,,,,,
,,,,,
122-24,Color Elixier Gloss Nr. 24,4019954122245,7.67,15.40,
,,,,,
,,,,,
122-24-T,Color Elixier Gloss Tester Nr. 24,4019954907989,5.15,,
,,,,,
,,,,,
122-31,Galactic Shine Gloss Nr. 31,4019954122313,7.67,15.40,
,,,,,
,,,,,
122-31-T,Galactic Shine Gloss Tester Nr. 31,4019954911030,5.15,,
,,,,,
,,,,,
122-32,Galactic Shine Gloss Nr. 32,4019954122320,7.67,15.40,
,,,,,
,,,,,
122-32-T,Galactic Shine Gloss Tester Nr. 32,4019954911047,5.15,,
,,,,,
,,,,,
122-33,Galactic Shine Gloss Nr. 33,4019954122337,7.67,15.40,
,,,,,
,,,,,
122-33-T,Galactic Shine Gloss Tester Nr. 33,4019954911054,5.15,,
,,,,,
,,,,,
122-34,Galactic Shine Gloss Nr. 34,4019954122344,7.67,15.40,
,,,,,
,,,,,
122-34-T,Galactic Shine Gloss Tester Nr. 34,4019954911061,5.15,,
,,,,,
,,,,,
122-41,Multishine Gloss Nr. 41,4019954122412,7.67,15.40,
,,,,,
,,,,,
122-41-T,Multishine Gloss Tester Nr. 41,4019954907996,5.15,,
,,,,,
,,,,,
122-44,Multishine Gloss Nr. 44,4019954122443,7.67,15.40,
,,,,,
,,,,,
122-44-T,Multishine Gloss Tester Nr. 44,4019954908023,5.15,,
,,,,,
,,,,,
122-82,Lip Volume Gloss Nr. 82,4019954122825,7.67,15.40,
,,,,,
,,,,,
122-82-T,Lip Volume Gloss Tester Nr. 82,4019954908993,5.15,,
,,,,,
,Lippen,,,,
,,,,,
122-84,Lip Volume Gloss Nr. 84,4019954122849,7.67,15.40,
,,,,,
,,,,,
122-84-T,Lip Volume Gloss Tester Nr. 84,4019954909013,5.15,,
,,,,,
,,,,,
,,,,,
,,,,,
131-02,Waterproof Lipliner Pencil Nr. 02,4019954131025,4.50,9.10,
,,,,,
,,,,,
131-03,Waterproof Lipliner Pencil Nr. 03,4019954131032,4.50,9.10,
,,,,,
,,,,,
,,,,,
,,,,,
132-01,Lipliner Duo Pen Nr. 01,4019954132015,3.30,6.60,
,,,,,
,,,,,
132-02,Lipliner Duo Pen Nr. 02,4019954132022,3.30,6.60,
,,,,,
,,,,,
132-03,Lipliner Duo Pen Nr. 03,4019954132039,3.30,6.60,
,,,,,
,,,,,
132-04,Lipliner Duo Pen Nr. 04,4019954132046,3.30,6.60,
,,,,,
,,,,,
,,,,,
,,,,,
135-03,Permanent Lipliner Nr. 03,4019954135030,6.68,13.40,
,,,,,
,,,,,
135-03-T,Permanent Lipliner Tester Nr. 03,4019954900898,4.09,,
,,,,,
,,,,,
135-09,Permanent Lipliner Nr. 09,4019954135092,6.68,13.40,
,,,,,
,,,,,
135-09-T,Permanent Lipliner Tester Nr. 09,4019954900911,4.09,,
,,,,,
,,,,,
135-11,Permanent Lipliner Nr. 11,4019954135115,6.68,13.40,
,,,,,
,,,,,
135-11-T,Permanent Lipliner Tester Nr. 11,4019954900928,4.09,,
,,,,,
,,,,,
,,,,,
,Augen,,,,
,,,,,
,,,,,
322-02,Eye Sensation Nr. 02,4019954322027,8.80,17.60,
,,,,,
,,,,,
322-02-T,Eye Sensation Tester Nr. 02,4019954901147,3.99,,
,,,,,
,,,,,
322-04,Eye Sensation Nr. 04,4019954322041,8.80,17.60,
,,,,,
,,,,,
322-04-T,Eye Sensation Tester Nr. 04,4019954901154,3.99,,
,,,,,
,,,,,
322-05,Eye Sensation Nr. 05,4019954322058,8.80,17.60,
,,,,,
,,,,,
322-05-T,Eye Sensation Tester Nr. 05,4019954901161,3.99,,
,,,,,
,,,,,
322-06,Eye Sensation Nr. 06,4019954322065,8.80,17.60,
,,,,,
,,,,,
322-06-T,Eye Sensation Tester Nr. 06,4019954901178,3.99,,
,,,,,
,,,,,
322-08,Eye Sensation Nr. 08,4019954322089,8.80,17.60,
,,,,,
,,,,,
322-08-T,Eye Sensation Tester Nr. 08,4019954901192,3.99,,
,,,,,
,,,,,
322-09,Eye Sensation Nr. 09,4019954322096,8.80,17.60,
,,,,,
,,,,,
322-09-T,Eye Sensation Tester Nr. 09,4019954901208,3.99,,
,,,,,
,,,,,
,,,,,
,,,,,
323-01,Lidschatten Mono-Mat Nr. 01,4019954323017,7.43,14.80,
,,,,,
,,,,,
323-01-T,Lidschatten Mono-Mat Tester Nr. 01,4019954900669,4.00,,
,,,,,
,,,,,
323-02,Lidschatten Mono-Mat Nr. 02,4019954323024,7.43,14.80,
,,,,,
,,,,,
323-02-T,Lidschatten Mono-Mat Tester Nr. 02,4019954900676,4.00,,
,,,,,
,,,,,
323-03,Lidschatten Mono-Mat Nr. 03,4019954323031,7.43,14.80,
,,,,,
,,,,,
323-03-T,Lidschatten Mono-Mat Tester Nr. 03,4019954900683,4.00,,
,,,,,
,Augen,,,,
,,,,,
323-04,Lidschatten Mono-Mat Nr. 04,4019954323048,7.43,14.80,
,,,,,
,,,,,
323-04-T,Lidschatten Mono-Mat Tester Nr. 04,4019954900690,4.00,,
,,,,,
,,,,,
323-05,Lidschatten Mono-Mat Nr. 05,4019954323055,7.43,14.80,
,,,,,
,,,,,
323-05-T,Lidschatten Mono-Mat Tester Nr. 05,4019954900706,4.00,,
,,,,,
,,,,,
323-06,Lidschatten Mono-Mat Nr. 06,4019954323062,7.43,14.80,
,,,,,
,,,,,
323-06-T,Lidschatten Mono-Mat Tester Nr. 06,4019954900713,4.00,,
,,,,,
,,,,,
323-07,Lidschatten Mono-Mat Nr. 07,4019954323079,7.43,14.80,
,,,,,
,,,,,
323-07-T,Lidschatten Mono-Mat Tester Nr. 07,4019954900720,4.00,,
,,,,,
,,,,,
323-08,Lidschatten Mono-Mat Nr. 08,4019954323086,7.43,14.80,
,,,,,
,,,,,
323-08-T,Lidschatten Mono-Mat Tester Nr. 08,4019954900737,4.00,,
,,,,,
,,,,,
323-09,Lidschatten Mono-Mat Nr. 09,4019954323093,7.43,14.80,
,,,,,
,,,,,
323-09-T,Lidschatten Mono-Mat Tester Nr. 09,4019954900744,4.00,,
,,,,,
,,,,,
,,,,,
,,,,,
324-01,Lidschatten Hypnotic Eyes Nr. 01,4019954324014,10.25,20.50,
,,,,,
,,,,,
324-01-T,Lidschatten Hypnotic Eyes Tester Nr. 01,4019954907637,4.00,,
,,,,,
,,,,,
324-02,Lidschatten Hypnotic Eyes Nr. 02,4019954324021,10.25,20.50,
,,,,,
,,,,,
324-02-T,Lidschatten Hypnotic Eyes Tester Nr. 02,4019954907644,4.00,,
,,,,,
,,,,,
324-03,Lidschatten Hypnotic Eyes Nr. 03,4019954324038,10.25,20.50,
,,,,,
,,,,,
324-03-T,Lidschatten Hypnotic Eyes Tester Nr. 03,4019954907651,4.00,,
,,,,,
,,,,,
324-04,Lidschatten Hypnotic Eyes Nr. 04,4019954324045,10.25,20.50,
,,,,,
,,,,,
324-04-T,Lidschatten Hypnotic Eyes Tester Nr. 04,4019954907668,4.00,,
,,,,,
,,,,,
324-05,Lidschatten Hypnotic Eyes Nr. 05,4019954324052,10.25,20.50,
,,,,,
,,,,,
324-05-T,Lidschatten Hypnotic Eyes Tester Nr. 05,4019954907675,4.00,,
,,,,,
,,,,,
324-06,Lidschatten Hypnotic Eyes Nr. 06,4019954324069,10.25,20.50,
,,,,,
,,,,,
324-06-T,Lidschatten Hypnotic Eyes Tester Nr. 06,4019954907682,4.00,,
,,,,,
,,,,,
,,,,,
,,,,,
341-01,Waterproof Eyeliner Pencil Nr. 01,4019954341011,4.50,9.10,
,,,,,
,,,,,
,,,,,
,,,,,
345-01,Permanent Eyeliner Nr. 01,4019954345019,6.88,13.80,
,,,,,
,,,,,
345-01-T,Permanent Eyeliner Tester Nr. 01,4019954901130,4.20,,
,,,,,
,,,,,
,,,,,
,,,,,
350-01,Eyebrow & Eyeliner Compact Nr. 01,4019954350013,9.28,18.50,
,,,,,
,,,,,
350-03,Eyebrow & Eyeliner Compact Nr. 03,4019954350037,9.28,18.50,
,,,,,
,,,,,
350-03-T,Eyebrow&Eyeliner Compact Tester Nr. 03,4019954909198,3.70,,
,,,,,
,,,,,
350-04,Eyebrow & Eyeliner Compact Nr. 04,4019954350044,9.28,18.50,
,,,,,
,,,,,
350-04-T,Eyebrow&Eyeliner Compact Tester Nr. 04,4019954909204,3.70,,
,,,,,
,,,,,
,,,,,
,,,,,
370-01,Eyeliner Matic Nr. 01,4019954370011,6.64,13.30,
,,,,,
,Augen,,,,
,,,,,
370-01-T,Eyeliner Matic Tester,4019954901321,4.20,,
,,,,,
,,,,,
,,,,,
,,,,,
385-01,Mascara LASH CREATION,4019954003858,7.50,15.00,
,,,,,
,,,,,
385-01-T,Mascara LASH CREATION Tester,4019954910088,4.95,,
,,,,,
,,,,,
,,,,,
,,,,,
390-01,Mascara LASH-XPRESS & hyaluronic³,4019954003902,8.44,16.90,
,,,,,
,,,,,
390-01-T,Mascara LASH-XPRESS&hyaluronic³ T,4019954901376,5.50,,
,,,,,
,,,,,
,,,,,
,,,,,
391-01,Mascara 1+1 Double Effect Maximizing,4019954003919,10.24,20.50,
,,,,,
,,,,,
391-01-T,Mascara 1+1 Double Effect Tester,4019954901383,6.30,,
,,,,,
,,,,,
,,,,,
,,,,,
630-03-T,Eye Shadow Duo Select Tester Nr. 03*,4019954901390,3.99,,
,,,,,
,,,,,
630-06-T,Eye Shadow Duo Select Tester Nr. 06*,4019954901406,3.99,,
,,,,,
,,,,,
630-07-T,Eye Shadow Trio Select Tester Nr. 07*,4019954901413,3.99,,
,,,,,
,,,,,
630-13-T,Eye Shadow Trio Select Tester Nr. 13*,4019954901475,3.99,,
,,,,,
,,,,,
,,,,,
,Make-up / Puder,,,,
,,,,,
,,,,,
327-01,Diamond Glow Compact Highlighter   Nr.1,4019954327015,13.47,27.00,
,,,,,
,,,,,
327-01-T,Diamond GlowCompact Highlighter T Nr.1,4019954900751,2.86,,
,,,,,
,,,,,
327-02,Diamond Glow Compact Highlighter   Nr.2,4019954327022,13.47,27.00,
,,,,,
,,,,,
327-02-T,Diamond GlowCompact Highlighter T Nr.2,4019954900768,2.86,,
,,,,,
,,,,,
327-03,Diamond Glow Compact Highlighter   Nr.3,4019954327039,13.47,27.00,
,,,,,
,,,,,
327-03-T,Diamond GlowCompact Highlighter T Nr.3,4019954900775,2.86,,
,,,,,
,,,,,
,,,,,
,,,,,
400-09-T,Blush On Puder Rouge Tester Nr. 09*,4019954901529,3.99,,
,,,,,
,,,,,
400-11-T,Blush On Puder Rouge Tester Nr. 11*,4019954901505,3.99,,
,,,,,
,,,,,
400-12-T,Blush On Puder Rouge Tester Nr. 12*,4019954901499,3.99,,
,,,,,
,,,,,
400-13-T,Blush On Puder Rouge Tester Nr. 13*,4019954901482,3.99,,
,,,,,
,,,,,
,,,,,
,,,,,
401-01,Bubble Blush Rouge Nr. 01,4019954401012,13.39,26.80,
,,,,,
,,,,,
401-01-T,Bubble Blush Rouge Tester Nr. 01,4019954907262,3.70,,
,,,,,
,,,,,
401-02,Bubble Blush Rouge Nr. 02,4019954401029,13.39,26.80,
,,,,,
,,,,,
401-02-T,Bubble Blush Rouge Tester Nr. 02,4019954907279,3.70,,
,,,,,
,,,,,
,,,,,
,,,,,
402-01,Dream Blush Rouge Nr. 01,4019954402019,10.70,21.40,
,,,,,
,,,,,
402-01-T,Dream Blush Rouge Tester Nr. 01,4019954907705,5.05,,
,,,,,
,,,,,
402-02,Dream Blush Rouge Nr. 02,4019954402026,10.70,21.40,
,,,,,
,,,,,
402-02-T,Dream Blush Rouge Tester Nr. 02,4019954907712,5.05,,
,,,,,
,,,,,
402-03,Dream Blush Rouge Nr. 03,4019954402033,10.70,21.40,
,,,,,
,Make-up / Puder,,,,
,,,,,
402-03-T,Dream Blush Rouge Tester Nr. 03,4019954907729,5.05,,
,,,,,
,,,,,
,,,,,
,,,,,
410-01,Loser Gesichtspuder Nr. 01,4019954410014,10.70,21.40,
,,,,,
,,,,,
410-01-T,Loser Gesichtspuder Tester Orig. Nr.01,4019954901796,6.66,,
,,,,,
,,,,,
410-02,Loser Gesichtspuder Nr. 02,4019954410021,10.70,21.40,
,,,,,
,,,,,
410-02-T,Loser Gesichtspuder Tester Orig. Nr.02,4019954901802,6.66,,
,,,,,
,,,,,
410-03,Loser Gesichtspuder Nr. 03,4019954410038,10.70,21.40,
,,,,,
,,,,,
410-03-T,Loser Gesichtspuder Tester Orig. Nr.03,4019954901819,6.66,,
,,,,,
,,,,,
,,,,,
,,,,,
420-01,Compact Powder Nr. 01,4019954420013,9.07,18.10,
,,,,,
,,,,,
420-01-T,Compact Powder Tester Nr. 01,4019954902144,2.10,,
,,,,,
,,,,,
420-02,Compact Powder Nr. 02,4019954420020,9.07,18.10,
,,,,,
,,,,,
420-02-T,Compact Powder Tester Nr. 02,4019954902151,2.10,,
,,,,,
,,,,,
420-03,Compact Powder Nr. 03,4019954420037,9.07,18.10,
,,,,,
,,,,,
420-03-T,Compact Powder Tester Nr. 03,4019954902168,2.10,,
,,,,,
,,,,,
420-04,Compact Powder Nr. 04,4019954420044,9.07,18.10,
,,,,,
,,,,,
420-04-T,Compact Powder Tester Nr. 04,4019954902175,2.10,,
,,,,,
,,,,,
420-05,Compact Powder Nr. 05,4019954420051,9.07,18.10,
,,,,,
,,,,,
420-05-T,Compact Powder Tester Nr. 05,4019954902182,2.10,,
,,,,,
,,,,,
,,,,,
,,,,,
421-01,Diamond Mineral Powder Nr. 01,4019954421010,7.67,15.40,
,,,,,
,,,,,
421-01-T,Diamond Mineral Powder Tester Nr. 01,4019954901826,5.15,,
,,,,,
,,,,,
421-02,Diamond Mineral Powder Nr. 02,4019954421027,7.67,15.40,
,,,,,
,,,,,
421-02-T,Diamond Mineral Powder Tester Nr. 02,4019954901833,5.15,,
,,,,,
,,,,,
421-03,Diamond Mineral Powder Nr. 03,4019954421034,7.67,15.40,
,,,,,
,,,,,
421-03-T,Diamond Mineral Powder Tester Nr. 03,4019954901840,5.15,,
,,,,,
,,,,,
,,,,,
,,,,,
422-01,Diamond Mineral Rouge Nr. 01,4019954422017,5.60,11.20,
,,,,,
,,,,,
422-01-T,Diamond Mineral Rouge Tester Nr. 01,4019954901857,4.10,,
,,,,,
,,,,,
422-02,Diamond Mineral Rouge Nr. 02,4019954422024,5.60,11.20,
,,,,,
,,,,,
422-02-T,Diamond Mineral Rouge Tester Nr. 02,4019954901864,4.10,,
,,,,,
,,,,,
422-03,Diamond Mineral Rouge Nr. 03,4019954422031,5.60,11.20,
,,,,,
,,,,,
422-03-T,Diamond Mineral Rouge Tester Nr. 03,4019954901871,4.10,,
,,,,,
,,,,,
,,,,,
,,,,,
423-02,Diamond Powder Sensation Nr. 02,4019954423021,12.86,25.70,
,,,,,
,,,,,
423-02-T,Diamond Powder Sensation Tester Nr.02,4019954902229,4.14,,
,,,,,
,,,,,
,,,,,
,,,,,
424-00,Booster,4019954004244,8.69,17.40,
,,,,,
,Make-up / Puder,,,,
,,,,,
424-00-T,Booster Tester Orig.,4019954901888,7.05,,
,,,,,
,,,,,
,,,,,
,,,,,
426-01,Velvet Mat Make-up Nr. 01,4019954426015,14.64,29.30,
,,,,,
,,,,,
426-01-T,Velvet Mat Make-up Tester Orig. Nr.01,4019954902106,9.94,,
,,,,,
,,,,,
426-02,Velvet Mat Make-up Nr. 02,4019954426022,14.64,29.30,
,,,,,
,,,,,
426-02-T,Velvet Mat Make-up Tester Orig. Nr.02,4019954902113,9.94,,
,,,,,
,,,,,
426-03,Velvet Mat Make-up Nr. 03,4019954426039,14.64,29.30,
,,,,,
,,,,,
426-03-T,Velvet Mat Make-up Tester Orig. Nr.03,4019954902120,9.94,,
,,,,,
,,,,,
426-04,Velvet Mat Make-up Nr. 04,4019954426046,14.64,29.30,
,,,,,
,,,,,
426-04-T,Velvet Mat Make-up Tester Orig. Nr.04,4019954902137,9.94,,
,,,,,
,,,,,
,,,,,
,,,,,
427-06,Silk Finish + hyaluron Make-up Nr. 06,4019954427067,12.89,25.80,
,,,,,
,,,,,
427-06-T,Silk Finish + hyaluron Make-up T Nr. 06,4019954901932,8.58,,
,,,,,
,,,,,
427-08,Silk Finish + hyaluron Make-up Nr. 08,4019954427081,12.89,25.80,
,,,,,
,,,,,
427-08-T,Silk Finish + hyaluron Make-up T Nr. 08,4019954901956,8.58,,
,,,,,
,,,,,
427-10,Silk Finish + hyaluron Make-up Nr. 10,4019954427104,12.89,25.80,
,,,,,
,,,,,
427-10-T,Silk Finish + hyaluron Make-up T Nr. 10,4019954903325,8.58,,
,,,,,
,,,,,
427-11,Silk Finish + hyaluron Make-up Nr. 11,4019954427111,12.89,25.80,
,,,,,
,,,,,
427-11-T,Silk Finish + hyaluron Make-up T Nr. 11,4019954903332,8.58,,
,,,,,
,,,,,
427-12,Silk Finish + hyaluron Make-up Nr. 12,4019954427128,12.89,25.80,
,,,,,
,,,,,
427-12-T,Silk Finish + hyaluron Make-up T Nr. 12,4019954903349,8.58,,
,,,,,
,,,,,
,,,,,
,,,,,
428-03,Natural Glow Compact Powder Nr. 03,4019954428033,11.05,22.00,
,,,,,
,,,,,
428-03-T,Natural Glow Compact Powder T Nr. 03,4019954905114,3.50,,
,,,,,
,,,,,
,,,,,
,,,,,
429-01,Diamond Foundation Make-up Nr. 01,4019954429016,13.90,27.80,
,,,,,
,,,,,
429-01-T,Diamond Foundation Make-up T Nr. 01,4019954905121,10.43,,
,,,,,
,,,,,
429-02,Diamond Foundation Make-up Nr. 02,4019954429023,13.90,27.80,
,,,,,
,,,,,
429-02-T,Diamond Foundation Make-up T Nr. 02,4019954905138,10.43,,
,,,,,
,,,,,
,,,,,
,,,,,
450-01,Double Face Nr. 01,4019954450010,11.15,22.40,
,,,,,
,,,,,
450-01-T,Double Face Tester Nr. 01,4019954901970,3.99,,
,,,,,
,,,,,
450-02,Double Face Nr. 02,4019954450027,11.15,22.40,
,,,,,
,,,,,
450-02-T,Double Face Tester Nr. 02,4019954901987,3.99,,
,,,,,
,,,,,
,,,,,
,,,,,
455-02,Color Perfection Compact Make-up Nr.02,4019954455022,13.15,26.30,
,,,,,
,,,,,
455-02-T,Color Perf. Compact Make-up Tester Nr.02,4019954905169,3.18,,
,,,,,
,,,,,
455-03,Color Perfection Compact Make-up Nr.03,4019954455039,13.15,26.30,
,,,,,
,Make-up / Puder,,,,
,,,,,
455-03-T,Color Perf. Compact Make-up Tester Nr.03,4019954905176,3.18,,
,,,,,
,,,,,
,,,,,
,,,,,
461-01,Hydra Concealer Nr. 01,4019954461016,7.00,14.00,
,,,,,
,,,,,
461-01-T,Hydra Concealer Tester Nr. 01,4019954907613,3.18,,
,,,,,
,,,,,
461-02,Hydra Concealer Nr. 02,4019954461023,7.00,14.00,
,,,,,
,,,,,
461-02-T,Hydra Concealer Tester Nr. 02,4019954907620,3.18,,
,,,,,
,,,,,
,,,,,
,,,,,
462-01,Clear Skin Concealer Nr. 01,4019954462013,5.25,10.50,
,,,,,
,,,,,
462-02,Clear Skin Concealer Nr. 02,4019954462020,5.25,10.50,
,,,,,
,,,,,
,,,,,
,,,,,
476-02,Arabesque Puder Nr. 02,4019954476027,11.47,23.00,
,,,,,
,,,,,
476-02-T,Arabesque Puder Tester Nr. 02,4019954902243,3.60,,
,,,,,
,,,,,
476-03,Arabesque Puder Nr. 03,4019954476034,11.47,23.00,
,,,,,
,,,,,
476-03-T,Arabesque Puder Tester Nr. 03,4019954902250,3.60,,
,,,,,
,,,,,
,,,,,
,,,,,
477-01,Shiny Bronzing Powder Nr. 01,4019954477017,9.07,18.10,
,,,,,
,,,,,
477-01-T,Shiny Bronzing Powder Tester Nr.01,4019954902281,3.39,,
,,,,,
,,,,,
,,,,,
,,,,,
620-01,Leopard Compact Powder mat Nr. 01,4019954620017,11.67,23.30,
,,,,,
,,,,,
620-01-T,Leopard Compact Powder Tester Nr. 01,4019954902038,3.18,,
,,,,,
,,,,,
,,,,,
,,,,,
642-01,TC Make-up & Concealer Nr. 01,4019954642019,22.19,44.40,
,,,,,
,,,,,
642-01-T,TC Make-up & Concealer Tester Nr. 01,4019954901598,17.05,,
,,,,,
,,,,,
642-02,TC Make-up & Concealer Nr. 02,4019954642026,22.19,44.40,
,,,,,
,,,,,
642-02-T,TC Make-up & Concealer Tester Nr. 02,4019954901604,17.05,,
,,,,,
,,,,,
642-03,TC Make-up & Concealer Nr. 03,4019954642033,22.19,44.40,
,,,,,
,,,,,
642-03-T,TC Make-up & Concealer Tester Nr. 03,4019954901611,17.05,,
,,,,,
,,,,,
642-04,TC Make-up & Concealer Nr. 04,4019954642040,22.19,44.40,
,,,,,
,,,,,
642-04-T,TC Make-up & Concealer Tester Nr. 04,4019954901628,17.05,,
,,,,,
,,,,,
642-05,TC Make-up & Concealer Nr. 05,4019954642057,22.19,44.40,
,,,,,
,,,,,
642-05-T,TC Make-up & Concealer Tester Nr. 05,4019954901635,17.05,,
,,,,,
,,,,,
642-06,TC Make-up & Concealer Nr. 06,4019954642064,22.19,44.40,
,,,,,
,,,,,
642-06-T,TC Make-up & Concealer Tester Nr. 06,4019954901642,17.05,,
,,,,,
,,,,,
642-07,TC Make-up & Concealer Nr. 07,4019954642071,22.19,44.40,
,,,,,
,,,,,
642-07-T,TC Make-up & Concealer Tester Nr. 07,4019954901659,17.05,,
,,,,,
,,,,,
642-08,TC Make-up & Concealer Nr. 08,4019954642088,22.19,44.40,
,,,,,
,,,,,
642-08-T,TC Make-up & Concealer Tester Nr. 08,4019954901666,17.05,,
,,,,,
,,,,,
,,,,,
,,,,,
,skinvision,,,,
,,,,,
,,,,,
3400,skinvision Tag & Nacht Serum 30 ml,4019954034005,46.30,92.60,
,,,,,
,,,,,
3400-0,Probe skinvision Tag & Nacht Serum 5 ml,4019954902618,3.00,6.00,
,,,,,
,,,,,
3400-00,skinvision Tag & Nacht Serum 50 ml,4019954340007,46.35,,
,,,,,
,,,,,
3401,skinvision Tagescreme 50 ml,4019954034012,65.90,131.80,
,,,,,
,,,,,
3401-0,Probe skinvision Tagescreme 5 ml,4019954902625,3.00,6.00,
,,,,,
,,,,,
3401-01,skinvision Tagescreme 100 ml,4019954340106,91.67,,
,,,,,
,,,,,
3402,skinvision Nachtcreme 50 ml,4019954034029,57.17,114.30,
,,,,,
,,,,,
3402-0,Probe skinvision Nachtcreme 5 ml,4019954902632,3.00,6.00,
,,,,,
,,,,,
3403,skinvision Augencreme 30 ml,4019954034036,50.99,102.00,
,,,,,
,,,,,
3403-0,Probe skinvision Augencreme 5 ml,4019954902649,3.00,6.00,
,,,,,
,,,,,
3403-03,skinvision Augencreme 30 ml,4019954340304,36.15,,
,,,,,
,,,,,
3404-04,skinvision Marine Firming Elixier 15 ml,4019954340403,14.94,29.90,
,,,,,
,,,,,
3405,skinvision Gesichtspflege-Set *,4019954034050,102.49,205.00,
,,,,,
,,,,,
3407-07,skinvision Shaker Maske 25 g,4019954340724,6.13,,
,,,,,
,,,,,
3409,skinvision Tagescreme trockene Haut 50ml,4019954034098,65.90,131.80,
,,,,,
,,,,,
3409-0,Probe skinvision reichh. Tagescreme 5 ml,4019954907774,3.00,6.00,
,,,,,
,,,,,
340911-50,Sachet skinvision duo 3409+3411 3 ml,4019954907859,2.95,5.90,
,,,,,
,,,,,
3410,skinvision Lift-Express Duo 2 x 15 ml *,4019954034104,45.30,90.60,
,,,,,
,,,,,
3411,skinvision Lift-Express Serum 30 ml,4019954034111,46.30,92.60,
,,,,,
,,,,,
,,,,,
,hyaluronic³,,,,
,,,,,
,,,,,
1935,hyaluronic³ Augenpflege-Set *,4019954019354,30.75,61.50,
,,,,,
,,,,,
3800,hyaluronic³ Gesichtspflege-Set,4019954038003,53.54,107.10,
,,,,,
,,,,,
3801,hyaluronic³ Tag & Nacht Creme 50 ml,4019954038010,32.24,64.50,
,,,,,
,,,,,
3801-01,hyaluronic³ Creme 200 ml,4019954380102,36.06,,
,,,,,
,,,,,
3801-50,Sachet hyaluronic³ Creme 3 ml,4019954907514,1.00,2.00,
,,,,,
,,,,,
3802,hyaluronic³ Tag & Nacht Serum 30 ml,4019954038027,26.78,53.60,
,,,,,
,,,,,
3802-02,hyaluronic³ Serum 50 ml,4019954380225,26.20,,
,,,,,
,,,,,
3802-50,Sachet hyaluronic³ T & N Serum 3 ml,4019954909471,1.00,2.00,
,,,,,
,,,,,
3803-03,hyaluronic³ Glacier Mousse 30 g,4019954380324,21.86,,
,,,,,
,,,,,
3804,"hyaluronic³ Quicklift Roll-On A.S. 6,5ml",4019954038041,20.69,41.10,
,,,,,
,,,,,
3806,hyaluronic³ Peel-Off Maske 75 ml,4019954038065,15.19,30.40,
,,,,,
,,,,,
3806-06,hyaluronic³ Peel-Off Maske 200 ml,4019954380621,23.48,,
,,,,,
,,,,,
3807,hyaluronic³ Augencreme 30 ml,4019954038072,30.77,61.70,
,,,,,
,,,,,
3807-07,hyaluronic³ Augencreme 50 ml,4019954380720,30.77,,
,,,,,
,hyaluronic³,,,,
,,,,,
3808,hyaluronic³ Body Creme 200 ml *,4019954038089,21.17,41.10,
,,,,,
,,,,,
3809,hyaluronic³ Set 1-Month Eye Perfection,4019954038096,47.20,92.60,
,,,,,
,,,,,
3809-01,"hyaluronic³ Augenserum ""Re-Fill"" 12 ml",4019954380911,20.69,41.10,
,,,,,
,,,,,
3809-02,"hyaluronic³ Augenfluid""Re-Structure""12ml",4019954380928,20.69,41.10,
,,,,,
,,,,,
3810,Hya Pearls Tag & Nacht Gel 30 ml,4019954038102,25.88,51.80,
,,,,,
,,,,,
3812,hyaluronic³ Reinigungsschaum 100 ml,4019954038126,9.20,18.40,
,,,,,
,,,,,
3812-12,hyaluronic³ Reinigungsschaum 200 ml,4019954381208,15.45,,
,,,,,
,,,,,
3813,hyaluronic³ Tonic Schaum 100 ml,4019954038133,9.20,18.40,
,,,,,
,,,,,
3813-13,hyaluronic³ Tonic Schaum 200 ml,4019954381307,18.54,,
,,,,,
,,,,,
3814,hyaluronic³ Reinigungs-Set *,4019954038140,25.75,51.50,
,,,,,
,,,,,
,,,,,
,Golden Skin,,,,
,,,,,
,,,,,
1950-02,Golden Skin Care Set Nr. 02 *,4019954195027,54.53,109.10,
,,,,,
,,,,,
3285-85,GSC Massage Honig 200 ml,4019954328524,43.60,,
,,,,,
,,,,,
3287,GSC Augengel 15 ml,4019954032872,21.58,43.20,
,,,,,
,,,,,
3287-01,GSC Augen Roll-On 10 ml *,4019954328715,11.28,20.60,
,,,,,
,,,,,
3287-01-T,GSC Augen Roll-On 10 ml Tester *,4019954907910,9.20,,
,,,,,
,,,,,
3290,GSC Reinigungssahne 140 ml,4019954032902,13.67,27.30,
,,,,,
,,,,,
3290-90,GSC Reinigungssahne 500 ml,4019954329026,27.26,,
,,,,,
,,,,,
3291,GSC Gesichtslotion 140 ml,4019954032919,13.67,27.30,
,,,,,
,,,,,
3291-91,GSC Gesichtslotion 500 ml,4019954329125,27.26,,
,,,,,
,,,,,
3292,GSC 24 Stunden Pflegegel 50 ml,4019954032926,25.00,49.90,
,,,,,
,,,,,
3292-92,GSC 24 Stunden Pflegegel 200 ml,4019954329224,29.56,,
,,,,,
,,,,,
3293,GSC Tagescreme 50 ml,4019954032933,27.26,54.50,
,,,,,
,,,,,
3293-50,Sachet GSC Tagescreme 3 ml,4019954908337,1.00,2.00,
,,,,,
,,,,,
3293-93,GSC Tagescreme 200 ml,4019954329323,32.94,,
,,,,,
,,,,,
3294,GSC Nachtcreme 50 ml,4019954032940,27.26,54.50,
,,,,,
,,,,,
3294-94,GSC Nachtcreme 200 ml,4019954329422,32.94,,
,,,,,
,,,,,
3295,GSC Augenemulsion 30 ml,4019954032957,27.26,54.50,
,,,,,
,,,,,
3295-95,GSC Augenemulsion 50 ml,4019954329521,32.94,,
,,,,,
,,,,,
3296,GSC Lifting Serum 30 ml,4019954032964,25.00,49.90,
,,,,,
,,,,,
3296-96,GSC Lifting Serum 50 ml,4019954329620,28.40,,
,,,,,
,,,,,
3299-99,GS Goldflocken 22 Karat,4019954329927,55.67,,
,,,,,
,,,,,
,,,,,
,Energy,,,,
,,,,,
,,,,,
1936,Energy Vitamin Gesichtspflege-Set *,4019954019361,40.80,81.60,
,,,,,
,Energy,,,,
,,,,,
3268-68,Energy Reinigungsmilch 500 ml *,4019954326827,22.85,,
,,,,,
,,,,,
3269,Energy Gel Tonic 140 ml *,4019954032698,11.64,23.30,
,,,,,
,,,,,
3269-69,Energy Gel Tonic 500 ml *,4019954326926,22.85,,
,,,,,
,,,,,
3270,Energy C Creme 50 ml,4019954032704,17.00,34.20,
,,,,,
,,,,,
3270-50,Sachet Energy C Creme 3 ml,4019954909228,1.00,2.00,
,,,,,
,,,,,
3270-70,Energy C Creme 200 ml,4019954327091,30.98,,
,,,,,
,,,,,
3274,Energy VitaVel Serum 30 ml,4019954032742,16.94,33.90,
,,,,,
,,,,,
3274-74,Energy VitaVel Serum 50 ml,4019954327428,14.76,,
,,,,,
,,,,,
3275,Energy Plus A+E+C Creme 50 ml,4019954032759,23.89,47.80,
,,,,,
,,,,,
3275-50,Sachet Energy Plus A+E+C Creme 3 ml,4019954907521,1.00,2.00,
,,,,,
,,,,,
3275-75,Energy Plus A+E+C Creme 200 ml,4019954327527,33.93,,
,,,,,
,,,,,
3276,Green Energy 50 ml,4019954032766,25.24,50.50,
,,,,,
,,,,,
3276-50,Sachet Green Energy 3 ml,4019954909211,1.00,2.00,
,,,,,
,,,,,
3276-76,Green Energy 200 ml,4019954327626,37.20,,
,,,,,
,,,,,
3281,Energy Augenserum 15 ml,4019954032810,16.94,33.90,
,,,,,
,,,,,
3281-81,Energy Augenserum 50 ml,4019954328128,18.19,,
,,,,,
,,,,,
3283-83,Energy C Mousse 30 g,4019954328326,26.40,,
,,,,,
,,,,,
,,,,,
,Sensiplus+,,,,
,,,,,
,,,,,
1200,Sensiplus Reinigungsmilch 140 ml,4019954012003,13.67,27.30,
,,,,,
,,,,,
1200-00,Sensiplus Reinigungsmilch 500 ml,4019954120029,27.87,,
,,,,,
,,,,,
1201,Sensiplus Gel Tonic 140 ml,4019954012010,13.67,27.30,
,,,,,
,,,,,
1201-01,Sensiplus Gel Tonic 500 ml,4019954120128,27.26,,
,,,,,
,,,,,
1202,Sensiplus Tag & Nacht Creme 50 ml,4019954012027,15.90,31.80,
,,,,,
,,,,,
1202-02,Sensiplus Tag & Nacht Creme 200 ml,4019954120227,29.56,,
,,,,,
,,,,,
1202-50,Sachet Sensiplus Tag & Nachtcreme 3 ml,4019954907538,1.00,2.00,
,,,,,
,,,,,
1203,Sensiplus Maske 50 ml,4019954012034,15.90,31.80,
,,,,,
,,,,,
1203-03,Sensiplus Maske 200 ml,4019954120326,26.33,,
,,,,,
,,,,,
1204,Sensiplus Augencreme 30 ml,4019954012041,15.90,31.80,
,,,,,
,,,,,
1205,Sensiplus Essential Serum 30 ml,4019954012058,22.19,44.40,
,,,,,
,,,,,
1205-05,Sensiplus Essential Serum 50 ml,4019954120524,22.19,,
,,,,,
,,,,,
1207-07,Sensiplus Massage Creme 200 ml,4019954120722,21.00,,
,,,,,
,,,,,
1208,Sensiplus Reichhaltige Extrapflege 50ml,4019954012089,21.58,43.20,
,,,,,
,,,,,
1209,Sensiplus Anti-Irritation Serum 30 ml,4019954012096,19.57,39.10,
,,,,,
,,,,,
1210,Sensiplus Gesichtspflege-Set,4019954012102,38.10,76.20,
,,,,,
,,,,,
,,,,,
,Time Control,,,,
,Time Control,,,,
,,,,,
,,,,,
1937,Time Control Beauty Care Set *,4019954019378,60.76,121.50,
,,,,,
,,,,,
3510,Q10 Phytocomplex Serum 30 ml,4019954035101,20.49,41.00,
,,,,,
,,,,,
3510-10,Q10 Phytocomplex Serum 50 ml,4019954351027,22.24,,
,,,,,
,,,,,
3510-50,Sachet Q10 Phytocomplex Serum 3 ml,4019954908344,1.00,2.00,
,,,,,
,,,,,
3513,Q10 Vital Serum 30 ml,4019954035132,19.89,39.80,
,,,,,
,,,,,
3513-13,Q10 Vital Serum 50 ml,4019954351324,22.19,,
,,,,,
,,,,,
3513-50,Sachet Q10 Vital Serum 3 ml,4019954908351,1.00,2.00,
,,,,,
,,,,,
3518,TC Retinol Peptide Repair Nachtcrem 30ml,4019954035187,24.95,49.90,
,,,,,
,,,,,
3518-18,TC Retinol Peptide Repair Nachtcrem 50ml,4019954351829,26.30,,
,,,,,
,,,,,
3518-50,Sachet TC Retinol Peptide Nachtcreme 3ml,4019954910514,1.00,2.00,
,,,,,
,,,,,
3525,TC Liplift hyaluron Creme 15 ml *,4019954035255,10.25,20.50,
,,,,,
,,,,,
3525-0,TC Liplift hyaluron Creme 15 ml Tester *,4019954901789,8.19,,
,,,,,
,,,,,
3528,Time Control Lift Capsules (30 St.),4019954035286,52.50,104.90,
,,,,,
,,,,,
3530,Q10 Phytocomplex Creme 50 ml,4019954035309,32.89,65.80,
,,,,,
,,,,,
3530-30,Q10 Phytocomplex Creme 200 ml,4019954353021,38.63,,
,,,,,
,,,,,
3530-50,Sachet Q10 Phytocomplex Creme 3 ml,4019954909488,1.00,2.00,
,,,,,
,,,,,
3531-31,Q10 Vital Creme 200 ml,4019954353120,42.10,,
,,,,,
,,,,,
3532,TC Augenkontur Creme 15 ml (Tiegel),4019954035323,27.87,55.70,
,,,,,
,,,,,
3532-32,TC Augenkontur Creme 50 ml,4019954353229,31.25,,
,,,,,
,,,,,
3534,TC Day Expert Serum 15 ml,4019954035347,16.95,33.90,
,,,,,
,,,,,
3534-34,TC Day Expert Serum 30 ml,4019954353427,19.50,,
,,,,,
,,,,,
3535,TC Night Expert Serum 15 ml,4019954035354,16.95,33.90,
,,,,,
,,,,,
3535-35,TC Night Expert Serum 30 ml,4019954353526,19.50,,
,,,,,
,,,,,
3536,TC Peptide Power Skin Care Set,4019954035361,39.50,79.00,
,,,,,
,,,,,
,,,,,
,purewhite,,,,
,,,,,
,,,,,
4080,pw Pearl Reinigungsmousse 120 ml,4019954040808,12.14,24.30,
,,,,,
,,,,,
4081,pw Pearl Erfrischungs Tonic 120 ml,4019954040815,12.14,24.30,
,,,,,
,,,,,
4084,pw Pearl Tagescreme 50 ml,4019954040846,25.36,50.70,
,,,,,
,,,,,
4086,pw Pearl Handcreme 50 ml,4019954040860,10.51,21.00,
,,,,,
,,,,,
4090,Pearl Reinigungsmousse 150 ml,4019954040907,12.36,24.70,
,,,,,
,,,,,
4091,Pearl Erfrischungs Tonic 120 ml,4019954040914,12.36,24.70,
,,,,,
,,,,,
4092,Pearl Frucht Peeling 40 ml,4019954040921,14.50,29.40,
,,,,,
,,,,,
4092-92,Intensiv Frucht Peeling 150 ml,4019954409223,24.40,,
,,,,,
,,,,,
409293-50,Sachet Pearl duo 4092+4093 3 ml,4019954908511,2.00,4.00,
,,,,,
,purewhite,,,,
,,,,,
4093,Pearl Konzentrat 40 ml,4019954040938,17.30,34.60,
,,,,,
,,,,,
4094,Pearl Tagescreme 50 ml,4019954040945,24.70,49.40,
,,,,,
,,,,,
4094-50,Sachet Pearl Tagescreme 3 ml,4019954908528,1.00,2.00,
,,,,,
,,,,,
4095,Pearl Nachtcreme 50 ml,4019954040952,24.70,49.40,
,,,,,
,,,,,
4096,Pearl Handcreme 50 ml,4019954040969,8.14,16.50,
,,,,,
,,,,,
4097,Pearl Tagescreme SPF 50  50 ml,4019954040976,32.14,64.90,
,,,,,
,,,,,
,,,,,
,Hydro Dimension,,,,
,,,,,
,,,,,
3221,Bi-Phasic Ceramide Complex 50 ml,4019954032216,27.05,54.10,
,,,,,
,,,,,
3223,Hydro Pearl normale/trockene Haut 50 ml,4019954032230,25.18,54.00,
,,,,,
,,,,,
3224,Hydro Pearl sehr trockene Haut 50 ml,4019954032247,25.18,54.00,
,,,,,
,,,,,
,,,,,
,platinmen,,,,
,,,,,
,,,,,
6262,platinmen Intensiv Balsam f.Gesicht 50ml,4019954062626,16.77,32.60,
,,,,,
,,,,,
6264,platinmen Roll-On Augenserum 15 ml,4019954062640,6.90,13.80,
,,,,,
,,,,,
6265,platinmen Duschgel 100 ml,4019954062657,4.50,8.95,
,,,,,
,,,,,
6266,platinmen Pflege-Set,4019954062664,23.20,46.40,
,,,,,
,,,,,
6267,platinmen Creme Gel 50 ml,4019954062671,16.77,32.60,
,,,,,
,,,,,
,,,,,
,Aloe Vera être belle,,,,
,,,,,
,,,,,
1103,AV Tagesfeuchtigkeitscreme 50 ml,4019954011037,12.89,25.80,
,,,,,
,,,,,
1103-0,Probe Tagesfeuchtigkeitscreme,4019954902304,1.00,2.00,
,,,,,
,,,,,
1103-03,AV Tagesfeuchtigkeitscreme 200 ml,4019954110327,22.85,,
,,,,,
,,,,,
1105,AV Collagen-Creme-Maske 50 ml,4019954011051,14.64,29.30,
,,,,,
,,,,,
1105-05,AV Collagen-Creme-Maske 200 ml,4019954110525,27.26,,
,,,,,
,,,,,
3101,AV Augencreme 20 ml,4019954031011,12.25,24.50,
,,,,,
,,,,,
3101-01,AV Augencreme 50 ml,4019954310123,13.79,,
,,,,,
,,,,,
3104,AV Mildes Gesichtspeeling 50 ml,4019954031042,11.90,23.80,
,,,,,
,,,,,
3104-04,AV Mildes Gesichtspeeling 200 ml,4019954310420,22.50,,
,,,,,
,,,,,
3114,AV Carotin Creme 50 ml,4019954031141,17.90,35.80,
,,,,,
,,,,,
3114-14,AV Carotin Creme 200 ml,4019954311427,25.79,,
,,,,,
,,,,,
3114-50,Sachet AV Carotin Creme 3 ml,4019954909174,1.00,2.00,
,,,,,
,,,,,
3115,AV Reinigungsgel 200 ml,4019954031158,11.79,23.60,
,,,,,
,,,,,
3115-15,AV Reinigungsgel 500 ml,4019954311526,20.76,,
,,,,,
,,,,,
3116,AV Feuchtigkeitslotion 200 ml,4019954031165,12.63,25.20,
,,,,,
,,,,,
3116-16,AV Feuchtigkeitslotion 500 ml,4019954311625,23.60,49.00,
,,,,,
,,,,,
3122,AV Ultra Feuchtigkeitsgel 40 ml,4019954031226,11.26,22.60,
,,,,,
,Aloe Vera être belle,,,,
,,,,,
3122-22,AV Ultra Feuchtigkeitsgel 200 ml,4019954312226,23.60,,
,,,,,
,,,,,
3123,AV Thymus-Nährcreme 50 ml,4019954031233,22.95,45.90,
,,,,,
,,,,,
3123-23,AV Thymus-Nährcreme 200 ml,4019954312325,32.34,,
,,,,,
,,,,,
3123-50,Sachet AV Thymus-Nährcreme 3 ml,4019954908689,1.00,2.00,
,,,,,
,,,,,
3126,AV Hals- u. Dekolleté-Creme 50 ml,4019954031264,11.47,23.00,
,,,,,
,,,,,
3126-26,AV Hals- u. Dekolleté-Creme 200 ml,4019954312622,20.49,,
,,,,,
,,,,,
3127,AV Reinigungsmilch 200 ml,4019954031271,11.64,23.30,
,,,,,
,,,,,
3127-27,AV Reinigungsmilch 500 ml,4019954312721,21.75,,
,,,,,
,,,,,
3128-28,AV leichte Tagescreme 200 ml *,4019954312820,22.95,,
,,,,,
,,,,,
3138,AV Feuchtigkeitsmaske 50 ml,4019954031387,14.26,28.50,
,,,,,
,,,,,
3138-38,AV Feuchtigkeitsmaske 200 ml,4019954313827,23.76,,
,,,,,
,,,,,
,,,,,
,Unreine Haut Purity Intense,,,,
,,,,,
,,,,,
5070,Purity Intense Gesichtspflege-Set,4019954050708,32.25,64.50,
,,,,,
,,,,,
5071,24h Gesichtspflege 50 ml,4019954050715,13.27,26.60,
,,,,,
,,,,,
5071-50,Sachet 24h Gesichtspflege 3 ml,4019954909235,1.00,2.00,
,,,,,
,,,,,
5071-71,24h Gesichtspflege 200 ml,4019954507127,22.28,,
,,,,,
,,,,,
5072,Gesichtsfluid Ultra Effekt 50 ml,4019954050722,13.74,27.50,
,,,,,
,,,,,
5072-72,Gesichtsfluid Ultra Effekt 200 ml,4019954507226,24.40,,
,,,,,
,,,,,
5073,Reinigendes Waschgel 150 ml,4019954050739,10.56,21.10,
,,,,,
,,,,,
5073-73,Reinigendes Waschgel 500 ml,4019954507325,22.28,,
,,,,,
,,,,,
5074,Enzym Peeling + Maske 75 ml,4019954050746,11.67,23.40,
,,,,,
,,,,,
5074-74,Enzym Peeling + Maske 200 ml,4019954507424,23.34,,
,,,,,
,,,,,
5075,Erfrischendes Gel Tonic 190 ml,4019954050753,10.56,21.10,
,,,,,
,,,,,
5075-75,Erfrischendes Gel Tonic 500 ml,4019954507523,22.28,,
,,,,,
,,,,,
5076,Hautklärendes Gel  50 ml,4019954050760,13.27,26.60,
,,,,,
,,,,,
,,,,,
,Trockene Haut,,,,
,,,,,
,,,,,
1101,Reinigungsmilch 200 ml,4019954011013,11.26,22.60,
,,,,,
,,,,,
1101-01,Reinigungsmilch 500 ml,4019954110129,22.85,43.80,
,,,,,
,,,,,
1102,Feuchtigkeitslotion 200 ml,4019954011020,11.26,22.60,
,,,,,
,,,,,
1102-02,Feuchtigkeitslotion 500 ml,4019954110228,21.53,43.80,
,,,,,
,,,,,
,,,,,
,Spezialpflege,,,,
,,,,,
,,,,,
1940,Gesichtsöl-Serum Display gef.m.15VK+3T*,4019954909761,129.00,,
,,,,,
,,,,,
1940-01,Kaktusfeige Gesichtsöl-Serum 15 ml *,4019954194013,9.50,19.00,
,,,,,
,,,,,
1940-02,Chiasamen Gesichtsöl-Serum 15 ml *,4019954194020,9.50,19.00,
,,,,,
,Spezialpflege,,,,
,,,,,
1940-03,Holunderkern Gesichtsöl-Serum 15 ml *,4019954194037,9.50,19.00,
,,,,,
,,,,,
1941,Display Make-up Entferner Pads 24 Dosen*,4019954909822,96.00,,
,,,,,
,,,,,
1941-01,Augen Make-up Entferner 80 Pads*,4019954194112,4.00,7.95,
,,,,,
,,,,,
3107-07,Ausgleichendes Gesichts-Massageöl 200 ml,4019954310727,22.00,,
,,,,,
,,,,,
3109-09,Enzym Maskenpulver 100 g,4019954310925,15.08,30.20,
,,,,,
,,,,,
3125-25,Vitamin Massage Creme 200 ml,4019954312523,23.66,,
,,,,,
,,,,,
3136,Bi-Phasic Make-up Entferner 100 ml,4019954031363,5.10,10.20,
,,,,,
,,,,,
3137-10,Beruhigende Feuchtigkeitslotion 100 ml,4019954313711,5.10,10.20,
,,,,,
,,,,,
3137-37,Beruhigende Feuchtigkeitslotion 500 ml,4019954313728,19.40,,
,,,,,
,,,,,
3205-05,Meso-Hyaluron Ampulle 20 ml,4019954320528,26.50,,
,,,,,
,,,,,
3206-06,Meso-Liposom Ampulle 20 ml,4019954320627,26.50,,
,,,,,
,,,,,
3330-30,Antifaltengel 200 ml,4019954333023,24.60,,
,,,,,
,,,,,
3580,Black Ca Gesichtspflege-Set *,4019954035804,25.70,51.40,
,,,,,
,,,,,
,,,,,
,Vliesmasken / Pads,,,,
,,,,,
,,,,,
3124-05,Aloe Vera 3-Step Face Care 1P.(5 Stück),4019954312455,16.95,34.00,
,,,,,
,,,,,
3251,Hydra Power Display gef. m. 50 Masken *,4019954908672,147.50,,
,,,,,
,,,,,
3251-05,Hydra Power 3-Step FaceCare 1P.(5 Stück),4019954325158,17.95,36.00,
,,,,,
,,,,,
3286,Golden Skin Display gef. m. 50 Masken *,4019954911108,147.50,,
,,,,,
,,,,,
3286-05,Golden Skin 3-Step Maske 1P.(5 Stück),4019954328654,17.95,36.00,
,,,,,
,,,,,
3526-05,TC 3-Step Maske FaceCare 1P. (5 Stück),4019954352659,17.95,36.00,
,,,,,
,,,,,
3529,Lifting Neck Patch 1 P. (10 Stück),4019954352925,49.86,99.70,
,,,,,
,,,,,
3563,CollagenElastin Hydro Maske 1P.(5 Stück),4019954035637,16.55,33.10,
,,,,,
,,,,,
3564,Vitamin C Hydro Maske 1 P. (5 Stück),4019954035644,16.55,33.10,
,,,,,
,,,,,
3566,Rotwein Hydro Maske 1 P. (5 Stück),4019954035668,16.55,33.10,
,,,,,
,,,,,
3567,Collagen&Aloe Vera (10 Masken+1 Ampulle),4019954035675,15.40,29.95,
,,,,,
,,,,,
3583,Black Ca Vliesmaske 1 P. (5 Stück),4019954035835,16.55,33.10,
,,,,,
,,,,,
3816,hyaluronic³ x-press Augenpads (5x2 Pads),4019954038164,10.25,20.50,
,,,,,
,,,,,
4011,skin therapy Couperose Patches 1P.(10St),4019954401128,31.83,,
,,,,,
,,,,,
4011-01,skin therapy Couperose Patches 1P. (5St),4019954401111,15.40,30.80,
,,,,,
,,,,,
,,,,,
,Peel Off Masken,,,,
,,,,,
,,,,,
3500,Whitening Gesichts-Maskenpulver 30 g,4019954035002,4.90,,
,,,,,
,,,,,
3501,Sensitive Bilberry G.-Maskenpulver 30 g,4019954035019,4.90,,
,,,,,
,,,,,
3502,Acerola-VitaminC G.- Maskenpulver 30 g,4019954035026,4.90,,
,,,,,
,,,,,
3503,Sea Mud-Purifying G.-Maskenpulver 30 g,4019954035033,4.90,,
,,,,,
,Peel Off Masken,,,,
,,,,,
3504,Anti-Acne Gesichts-Maskenpulver 30 g,4019954035040,4.90,,
,,,,,
,,,,,
3505,Refresh-Shaker Mask 15 g,4019954035057,4.90,,
,,,,,
,,,,,
3506,Revitalize Peel-Off Mask 30 g,4019954035064,4.90,,
,,,,,
,,,,,
3507,Relax Peel-Off Mask 30 g,4019954035071,5.25,,
,,,,,
,,,,,
,,,,,
,Ampullen,,,,
,,,,,
,,,,,
3272,Energy C Ampulle 2 x 8 ml,4019954032728,20.49,41.00,
,,,,,
,,,,,
4030,"Hyaluron-Filler Ampulle 10 x 1,5 ml",4019954040303,20.50,41.00,
,,,,,
,,,,,
4031,"Collagen-Elastin Ampulle 10 x 1,5 ml",4019954040310,19.10,38.20,
,,,,,
,,,,,
4032,"Feuchtigkeits-Ampulle 10 x 1,5 ml",4019954040327,19.10,38.20,
,,,,,
,,,,,
4033,"Ca-Gold Ampulle 10 x 1,5 ml",4019954040334,20.37,40.70,
,,,,,
,,,,,
4034,"Argan-Stammzell Ampulle 10 x 1,5 ml",4019954040341,20.37,40.70,
,,,,,
,,,,,
4035,"Detox Anti-Stress Ampulle 10 x 1,5 ml",4019954040358,19.10,38.20,
,,,,,
,,,,,
4036,"Botosyn-Lift Ampulle 10 x 1,5 ml",4019954040365,28.64,57.30,
,,,,,
,,,,,
4041,"Cell Protect Ampullen 10 x 1,5 ml",4019954040419,20.16,40.30,
,,,,,
,,,,,
4071,"SK-10 Ampulle 10 x 1,5 ml",4019954040716,15.39,30.80,
,,,,,
,,,,,
,,,,,
,Sonne,,,,
,,,,,
,,,,,
1965-01,Sonnen-Set SPF30 +After Sun Duo Set*,4019954196512,7.50,14.95,
,,,,,
,,,,,
5110,Sonnencreme SPF 30 75 ml,4019954051101,13.54,27.10,
,,,,,
,,,,,
,,,,,
,belle spa / Ongkara,,,,
,,,,,
,,,,,
1926-01,Kaschmir Körpercreme / Tube 200 ml,4019954019262,6.99,9.98,
,,,,,
,,,,,
3108,Meersalz Körperpeeling / Tube 200 ml,4019954031080,6.99,9.98,
,,,,,
,,,,,
3108-10,Körperpeeling mit Meersalz 1 kg,4019954310840,19.57,,
,,,,,
,,,,,
3245,Fri Alga Body Wrap Bandage 1P. (5 Stück),4019954324519,43.76,87.50,
,,,,,
,,,,,
3246,3 in 1 Body Shaping Gel 150 ml,4019954032469,17.50,35.00,
,,,,,
,,,,,
3247,Anti-Cellulite Slimming Booster 150 ml,4019954032476,20.09,40.20,
,,,,,
,,,,,
3319-19,Slimming Körper Abziehmaske 5 kg,4019954331920,87.80,,
,,,,,
,,,,,
3320-20,Straffende Körper Abziehmaske 5 kg,4019954332026,87.80,,
,,,,,
,,,,,
3322-22,Ingwer/Orange Körperpackung 4 kg,4019954332224,70.20,,
,,,,,
,,,,,
3323-23,Fri Fango Körperpackung 5 kg *,4019954332323,87.80,,
,,,,,
,,,,,
3324-24,Lotus Badesalz 1 kg,4019954332422,11.59,,
,,,,,
,,,,,
3324-25,Lotus Badesalz 5 kg *,4019954332439,46.23,,
,,,,,
,,,,,
3325,Lotus Body Polish 200 ml,4019954033251,10.20,20.40,
,,,,,
,,,,,
3325-25,Lotus Body Polish 1 kg,4019954332521,29.28,,
,,,,,
,,,,,
3326,Lotus Körpercreme / Tube 200 ml,4019954033268,6.99,9.98,
,,,,,
,belle spa / Ongkara,,,,
,,,,,
3326-26,Lotus Körpercreme 1 kg,4019954332620,40.98,,
,,,,,
,,,,,
3327,Lotus Körperöl 100 ml,4019954033275,11.64,23.30,
,,,,,
,,,,,
3327-27,Lotus Körperöl 1 l,4019954332729,46.04,,
,,,,,
,,,,,
3337-38,Orange Körperöl 1000 ml,4019954333726,47.40,,
,,,,,
,,,,,
3345-45,Rajawatu Aroma-Massagest.-Pulver440g,4019954334525,10.70,,
,,,,,
,,,,,
3346-46,Rajawatu Aroma-Essenz 10 ml,4019954334624,11.15,,
,,,,,
,,,,,
3347-48,Rajawatu Aroma-Balsam 1 kg,4019954334723,59.55,,
,,,,,
,,,,,
3354-54,Besakih Gesichtsöl 200 ml,4019954335423,26.93,,
,,,,,
,,,,,
3360-60,Coconut Body Polish 1 kg *,4019954336024,38.00,,
,,,,,
,,,,,
3361-61,Coconut Körperpackung 3 kg *,4019954336123,69.50,,
,,,,,
,,,,,
,,,,,
,skin therapy,,,,
,,,,,
,,,,,
3110,Couperose Creme 50 ml,4019954031103,18.05,36.10,
,,,,,
,,,,,
3110-0,Probe Couperose Creme 5 ml,4019954902403,1.00,2.00,
,,,,,
,,,,,
3110-10,Couperose Creme 200 ml,4019954311021,25.79,,
,,,,,
,,,,,
4012,skin therapy Couperose Serum 15 ml,4019954040129,12.88,25.80,
,,,,,
,,,,,
4014,skin therapy Cellular Night Repair 15 ml,4019954040143,19.95,39.95,
,,,,,
,,,,,
4015,skin therapy Pore Refiner Serum 15 ml,4019954040150,19.95,39.95,
,,,,,
,,,,,
4016,skin therapy Feuchtigkeitsmaske 50 ml,4019954040167,12.36,24.70,
,,,,,
,,,,,
4016-16,skin therapy Feuchtigkeitsmaske 200 ml,4019954401623,25.24,,
,,,,,
,,,,,
4017,skin therapy Straffende Effekt-Maske50ml,4019954040174,12.36,24.70,
,,,,,
,,,,,
4017-17,skin therapy StraffendeEffekt-Maske200ml,4019954401722,25.24,,
,,,,,
,,,,,
4018,skin therapy Kaolin Maske 50 ml,4019954040181,10.25,20.50,
,,,,,
,,,,,
4018-18,skin therapy Kaolin Maske 200 ml,4019954401821,18.54,,
,,,,,
,,,,,
4019,skin therapy Display gef.m.15Masken+3T*,4019954908580,174.84,,
,,,,,
,,,,,
7001,Naturel Baumwoll-Mizellenwasser150ml,4019954070010,9.72,19.50,
,,,,,
,,,,,
7001-01,Naturel Baumwoll-Mizellenwasser250ml,4019954700122,15.00,,
,,,,,
,,,,,
7002,Naturel Tag & Nacht Creme 50 ml,4019954070027,14.34,29.00,
,,,,,
,,,,,
7002-02,Naturel Tag & Nacht Creme 100 ml,4019954700221,19.00,,
,,,,,
,,,,,
7002-50,Sachet Naturel Tag & Nacht Creme 3 ml,4019954909815,1.00,2.00,
,,,,,
,,,,,
7003,Naturel Augencreme 25 ml,4019954070034,10.13,21.00,
,,,,,
,,,,,
7004,Naturel Face Smoothie Öl Kur 20 ml,4019954070041,9.03,18.50,
,,,,,
,,,,,
7004-04,Naturel Face Smoothie Öl Kur 30 ml,4019954700429,11.00,,
,,,,,
,,,,,
7005,Naturel Gesichtspflege-Set,4019954070058,39.00,78.00,
,,,,,
,,,,,
,,,,,
,,,,,
,Aufsteller / Displays / Ersatzteile,,,,
,,,,,
,,,,,
101-99,"Display Lip Protector, leer",4019954907392,13.90,,
,,,,,
,,,,,
107-99,"Lippenstift-Display, leer (f. 12 Tester)",4019954903790,20.16,,
,,,,,
,,,,,
108-9912,"Lippenstift-Display, leer (f. 12 Tester)",4019954907248,20.50,,
,,,,,
,,,,,
117-99132,"LipFinish+LipLiner Display,leer(f. 10F.)",4019954909624,15.45,,
,,,,,
,,,,,
122-99,"Display Gloss C., leer(f.16 Glosse + 4T)",4019954907941,10.25,,
,,,,,
,,,,,
122-998,"Display Gloss V., leer(f.16 Glosse + 4T)",4019954909259,10.25,,
,,,,,
,,,,,
12-99,"Display Sensiplus Hydrasilk, leer",4019954907255,42.60,,
,,,,,
,,,,,
323,Tester-Tablett LidschattenMono-Matt(6F.),4019954903165,39.55,,
,,,,,
,,,,,
323-99,"Tester-Tablett Lidschatten, leer (f. 6F)",4019954904636,15.45,,
,,,,,
,,,,,
324,Tester-Tablett Lidschatten Hypnotic(6F.),4019954907811,39.55,,
,,,,,
,,,,,
324-991,"Display Lidschatten Hypnotic, leer",4019954908399,15.45,,
,,,,,
,,,,,
326-99,"Display Longlasting Eye Shadow Pen, leer",4019954904681,15.45,,
,,,,,
,,,,,
327-42855,"Tester-Tablett Powder/Rouge, leer (f.3F)",4019954904698,15.45,,
,,,,,
,,,,,
3287-99,"Display GSC Augen Roll-On, leer",4019954907903,19.57,,
,,,,,
,,,,,
385-99,"Display Mascara Lash Creation, leer",4019954910606,19.90,,
,,,,,
,,,,,
38-99,"Display hyaluronic³, leer",4019954904995,26.50,,
,,,,,
,,,,,
390-99,"Display Mascara hyaluronic³, leer",4019954905008,21.10,,
,,,,,
,,,,,
391-99,"Display Mascara 1+1 Double Effect, leer",4019954905015,21.10,,
,,,,,
,,,,,
402,Tester-Tablett Dream Blush Rouge (3F.),4019954907835,30.59,,
,,,,,
,,,,,
402-991,"Display Dream Blush Rouge, leer",4019954908382,15.45,,
,,,,,
,,,,,
429-99,"Display Diamond Foundation Make-up, leer",4019954905145,15.45,,
,,,,,
,,,,,
70-02,"Make-up Tischaufsteller, leer",4019954905329,309.00,,
,,,,,
,,,,,
70-110,"Treppen-Display Lippen/Augen I, leer",4019954910712,190.96,,
,,,,,
,,,,,
70-200,"Treppen-Display Make-up II, leer",4019954905558,190.96,,
,,,,,
,,,,,
74-200,"Make-up Bodenaufsteller, leer",4019954908290,566.50,,
,,,,,
,,,,,
75-01,Thekenaufsteller DIN A 4 (L-Form),4019954904056,10.25,,
,,,,,
,,,,,
75-02,Präsentationsdisplay m.Spiegelfläche (s),4019954908160,24.70,,
,,,,,
,,,,,
75-03,Präsentationsdisplay m.Spiegelfläche (g),4019954909907,24.70,,
,,,,,
,,,,,
,,,,,
,Accessoires / Zubehör,,,,
,,,,,
,,,,,
114,"Make-up Schwämmchen (Rund, 2 Stück)",4019954001144,3.06,6.10,
,,,,,
,,,,,
114-02,Make-up Schwämmchen (Dreieck),4019954114028,0.56,1.10,
,,,,,
,,,,,
170,Bergkristall-Linsenstein (2 Stück),4019954903035,18.19,,
,,,,,
,,,,,
171,Rosenquarz-Linsenstein (2 Stück),4019954903059,15.90,,
,,,,,
,,,,,
181,Himalaya-Salz-Reinigungsstein,4019954903073,5.79,,
,,,,,
,Accessoires / Zubehör,,,,
,,,,,
182,Massagegriffel Rosenquarz (2 Stück),4019954903080,16.50,,
,,,,,
,,,,,
184,Massagekugel Rosenquarz,4019954903103,16.50,,
,,,,,
,,,,,
187,Massagegriffel Bergkristall (2 Stück),4019954903127,16.50,,
,,,,,
,,,,,
188,Massagekugel Bergkristall,4019954903141,16.50,,
,,,,,
,,,,,
325-00,Spitzer Jumbo,4019954904643,2.34,4.60,
,,,,,
,,,,,
3252-01,"Spatel, groß",4019954904650,4.37,,
,,,,,
,,,,,
3299,GS Pinsel (6 Stück),4019954903264,20.44,,
,,,,,
,,,,,
3340,Gaze 1 Pack (50 Stück),4019954334020,22.80,,
,,,,,
,,,,,
3408-08,skinvision Shaker,4019954904803,3.70,,
,,,,,
,,,,,
3420-03,skinvision T-Shirt Gr. XL,4019954904834,15.90,,
,,,,,
,,,,,
375-01,Spitzer goldschwarz,4019954904919,2.60,5.30,
,,,,,
,,,,,
376-01,Spitzer Duo,4019954904926,2.34,4.60,
,,,,,
,,,,,
3805,Pinsel hyaluronic³,4019954903295,6.56,,
,,,,,
,,,,,
482,Pinselset Profi,4019954903226,95.07,,
,,,,,
,,,,,
482-01,Pinselset klein,4019954482011,17.00,34.00,
,,,,,
,,,,,
483-00,Spatel 1 Pack (50 Stück),4019954905206,6.78,,
,,,,,
,,,,,
486-00,Fächerpinsel,4019954905213,3.39,,
,,,,,
,,,,,
487-01,"Rouge-Pinsel Strass, weiss",4019954905220,8.50,17.00,
,,,,,
,,,,,
487-02,"Rouge-Pinsel Strass, schwarz",4019954905237,8.50,17.00,
,,,,,
,,,,,
487-04,Rouge-Pinsel Professional,4019954908481,4.10,8.20,
,,,,,
,,,,,
489-04,Puder-Pinsel Professional,4019954908498,7.67,15.40,
,,,,,
,,,,,
490-01,Lidschatten-Pinsel Professional,4019954908504,3.60,7.20,
,,,,,
,,,,,
491-01,Make-up Pinsel,4019954491013,7.90,15.80,
,,,,,
,,,,,
5198,Bio-Baumwoll Make-up Entferner Handschuh,4019954909723,4.50,7.90,
,,,,,
,,,,,
5199,Strandtuch ¨Summer Color¨,4019954903356,32.67,,
,,,,,
,,,,,
,,,,,
,Geräte,,,,
,,,,,
,,,,,
18-04,"Ultraschallgerät ""Skin Scrubber""",4019954909730,44.50,89.00,
,,,,,
,,,,,
,,,,,
,,,,,
,Werbemittel,,,,
,,,,,
,,,,,
100-12,êb Plakat platinmen,4019954903684,10.60,,
,,,,,
,,,,,
100-15,êb Plakat Lift Capsules,4019954903714,10.60,,
,,,,,
,,,,,
100-16-0,êb Plakat skinvision (deutsch),4019954903721,10.60,,
,,,,,
,,,,,
100-16-1,êb Plakat skinvision (englisch),4019954903738,10.60,,
,,,,,
,,,,,
100-18,êb Plakat Lip Couture,4019954903745,10.60,,
,,,,,
,,,,,
100-20,êb Poster hyaluronic³ (DIN A1),4019954907873,4.64,,
,,,,,
,,,,,
100-21,êb Poster Pflege (DIN A1),4019954907880,4.64,,
,,,,,
,,,,,
100-23,êb Poster Golden Skin (DIN A1),4019954908795,4.64,,
,,,,,
,,,,,
100-24,êb Poster Energy (DIN A1),4019954908801,4.64,,
,,,,,
,,,,,
100-25,êb Poster Sensiplus (DIN A1),4019954908818,4.64,,
,,,,,
,,,,,
100-26,êb Poster purewhite (DIN A1),4019954908825,4.64,,
,,,,,
,,,,,
100-27,êb Poster Aloe Vera (DIN A1),4019954909495,4.64,,
,,,,,
,,,,,
100-29,êb Poster Naturel (DIN A1),4019954909983,4.64,,
,,,,,
,,,,,
100-30,êb Poster belle spa (DIN A1),4019954910484,4.64,,
,,,,,
,,,,,
100-40,êb Poster Gloss Collection (DIN A1),4019954908467,4.64,,
,,,,,
,,,,,
100-41,êb Poster Dekorative Kosmetik (DIN A1),4019954908962,4.64,,
,,,,,
,,,,,
100-42,êb Poster Lash Creation Mascara (DIN A1),4019954911078,4.64,,
,,,,,
,,,,,
100-50,êb Poster Weihnachten (DIN A1),4019954909518,4.64,,
,,,,,
,,,,,
100-55,Klemmschienen (für DIN A1 Poster),4019954907897,12.36,,
,,,,,
,,,,,
112-02,"Gutschein, neutral ""Pflege""",4019954903998,1.60,,
,,,,,
,,,,,
112-05,"Gutschein ""skinvision""",4019954904001,1.60,,
,,,,,
,,,,,
112-06,"Gutschein ""Weihnachten""",4019954904018,1.60,,
,,,,,
,,,,,
112-07,"Gutschein ""Dekorative Kosmetik""",4019954904025,1.60,,
,,,,,
,,,,,
112-08,"Gutschein ""belle spa""",4019954909938,1.60,,
,,,,,
,,,,,
112-101,Einleger A4 f. D. Ref. 3806 Maske,4019954908443,0.50,,
,,,,,
,,,,,
112-102,"Einleger A4 f. D. Ref.4016,-17,18 Masken",4019954908566,0.50,,
,,,,,
,,,,,
112-103,Einleger A4 f. D. Ref.461 HydraConcealer,4019954908627,0.50,,
,,,,,
,,,,,
112-104,Einleger A4 f. D. Ref.4015 Pore Refiner,4019954908696,0.50,,
,,,,,
,,,,,
112-105,Einleger A4 f. D. Expert Serum,4019954909877,0.50,,
,,,,,
,,,,,
112-106,Einleger A4 f. Display Naturel,4019954909914,0.50,,
,,,,,
,,,,,
112-107,Einleger A4 f. Display skinvision,4019954909921,0.50,,
,,,,,
,,,,,
112-108,Einleger A4 belle spa Body Tuben,4019954909792,0.50,,
,,,,,
,,,,,
112-50,Make-up Pass,4019954907408,0.30,,
,,,,,
,,,,,
112-51,Empfehlungskarte,4019954907415,0.30,,
,,,,,
,,,,,
112-52,Bonuskarte 1 Pack (10 Stück),4019954907422,1.00,,
,,,,,
,Werbemittel,,,,
,,,,,
112-54,Terminblock (50 Blatt),4019954907767,2.06,,
,,,,,
,,,,,
130-04,Broschüre Farbkarte,4019954130042,2.58,,
,,,,,
,,,,,
190-00,Broschüre Pflege,4019954907606,2.58,,
,,,,,
,,,,,
191-00,Broschüre Time Control System,4019954904193,1.06,,
,,,,,
,,,,,
192-00,Broschüre Sensiplus,4019954904216,1.06,,
,,,,,
,,,,,
194-00,Broschüre Energy,4019954904278,1.06,,
,,,,,
,,,,,
195-00,Broschüre Aloe Vera,4019954909457,1.06,,
,,,,,
,,,,,
196-00,Broschüre Naturel,4019954909648,1.06,,
,,,,,
,,,,,
200-00,Broschüre Golden Skin,4019954904353,1.06,,
,,,,,
,,,,,
201-00,Broschüre purewhite,4019954908757,1.06,,
,,,,,
,,,,,
203-00,Broschüre unreine Haut Purity Intense,4019954904391,1.06,,
,,,,,
,,,,,
205-00,Broschüre hyaluronic³,4019954904421,1.06,,
,,,,,
,,,,,
211-00,Broschüre skinvision,4019954904506,1.06,,
,,,,,
,,,,,
220-100,"Broschüre belle spa ""Rajawatu""",4019954909747,0.50,,
,,,,,
,,,,,
250-01,Flyer Golden Skin Eye Roll-On,4019954908252,0.20,,
,,,,,
,,,,,
250-02,Flyer hyaluronic³ Peel-Off Maske,4019954908412,0.20,,
,,,,,
,,,,,
250-03,Flyer skin therapy Maske,4019954908474,0.20,,
,,,,,
,,,,,
250-05,Flyer Ampullen,4019954909242,0.20,,
,,,,,
,,,,,
250-06,Flyer Black Caviar Set,4019954909693,0.20,,
,,,,,
,,,,,
250-07,Flyer TC Seren/SkinScrubber/Maske,4019954909860,0.20,,
,,,,,
,,,,,
250-08,Flyer Gesichtsöl-Serum,4019954909891,0.20,,
,,,,,
,,,,,
250-09,Flyer Cellular Night Repair,4019954910064,0.20,,
,,,,,
,,,,,
250-10,Flyer platinmen,4019954910590,0.20,,
,,,,,
,,,,,
250-201,Flyer Gloss Collection,4019954908245,0.20,,
,,,,,
,,,,,
250-202,Flyer Blush Collection,4019954908269,0.20,,
,,,,,
,,,,,
250-203,Flyer Hypnotic Eyes,4019954908276,0.20,,
,,,,,
,,,,,
250-204,Flyer Hydra Concealer,4019954908283,0.20,,
,,,,,
,,,,,
250-205,Flyer Lip Finish & Lip Liner Duo,4019954909631,0.20,,
,,,,,
,,,,,
89-00,Handbuch être belle,4019954906524,31.85,,
,,,,,
,,,,,
89-01,Handbuch Golden Skin,4019954906531,10.60,,
,,,,,
,,,,,
89-02,Handbuch Sensiplus Hydrasilk,4019954906548,10.60,,
,,,,,
,,,,,
89-03,Handbuch purewhite,4019954906555,10.60,,
,,,,,
,,,,,
89-04,Handbuch Rajawatu,4019954906562,10.60,,
,,,,,
,,,,,
89-08,Handbuch hyaluronic³,4019954906609,10.60,,
,,,,,
,,,,,
89-09,Handbuch Energy,4019954906616,10.60,,
,,,,,
,Werbemittel,,,,
,,,,,
89-10,Handbuch skinvision,4019954906623,10.60,,
,,,,,
,,,,,
89-13,Handbuch unreine Haut Purity Intense,4019954906654,10.60,,
,,,,,
,,,,,
93-02,Exclusiv Papier-Tragetasche S,4019954906685,0.69,,
,,,,,
,,,,,
93-04,Exclusiv Papier-Tragetasche M (hochkant),4019954906708,1.60,,
,,,,,
,,,,,
97-01,Diagnosekarte,4019954906913,0.40,,
